UserType,ID,LastName,FirstName,Address,Email,PhoneNum,Question1,Question2
Customer,200,Skywalker,Anakin,"Death Star, Imperial Suite 1",darth.vader@empire.gal,555-DARK-1,4c58b988710ecc775e37707a8b646829e912bcf51608a8db8b37aad52196ccb0f19607f2ab73196de8c5a0c2a9553626fc965a1e5c2ef540ac61e91bce1c0f0e,fb29ab772187f81a312a8abbe12560ce564d04c29b98dbfd82431e8d0fe03cfc2319756c0870f61676cd1e1e22c98ff40a082455d21efcff7a85a2ba4472c7f5
Customer,691,Protocol,C-3PO,Millennium Falcon Cargo Bay,c3po@droid.gal,555-DROID,f989b49f26906eebe73d11e29ae332a2d1f32ad252db64c1eaaf30f52b277afabdbe0d100d016ed25010b6e26bcc593b9c67f600bb70bea25ae9610de4e4a449,0e4a07f313193928dd7a995491f4beebf4e4ad7b5b8d6b3d3d2db962a2e720a8e707a543739192adc40c1bf7d8f68f80372e96f56158e4f2a6c3f26fd5e17413
Customer,921,Astromech,R2-D2,"X-Wing Socket, Rebel Base",beep.boop@rebel.gal,555-BEEP,6054c796a403c3e68d69127bc6e1d8c6fe35069b105efdc27163b93a3cd968dd6fa2939fc112a3d083529a3a3f1d012430de0166f57fe7961b7b6952db1aace8,936b49f641410483ac946a9f62e6881318b2102e114719e4b629e90c57024d83900685223848871d7b37c9a3a80b2a7c7dd4de3730ec2d4919e8430275ae19c3
Customer,998,Wookiee,Chewbacca,Millennium Falcon Co-Pilot Seat,chewie@kashyyyk.gal,555-RRRGH,a6ea527ccbb71e36404ee451d12b7bb518f6bfabd6e0bd33cc000a21124b3c37c5cda69ec5ede0be38259286004da05edc1889b9e6dffd1a09325a5cf1b703b1,a95b2fdf251ce814ab82db095eda6e92e86911cfbe16dede576a21c5f9296d2a4eab6195910d17c5e1ba827f2e088430721c4ed19eb366e9698c2a44e438af7a
Customer,737,Yoda,Master,"Dagobah System, Swamp Hut",speak.backwards@jedi.gal,555-JEDI,90757e8856342da9ab505c454a778d20429f318742cfa8da57fc763fe6e87da86a881f097836ad0e981a56c332571f81f72204362a7ab333f8b794435eff6a01,d56e2890eb6172e4d2957caf9b0fb47b58eb50a14daa31386eb36840a66042b8da74fbba1143a468d8af6ec43546330f861599bc75bfcfdf6b6342b00be778f3
Customer,909,Fett,Boba,"Slave I, Docking Bay 94",boba@bounty.gal,555-HUNT,a03039f94d9f8d639fbfb126e2e97762716747a89d8a53b973dcf5f13a051699e9690689e1e5015c22e20709b137ede53985aa587a45bf146c1d97a4608841c0,d6203e03495d815e31c4887f5b2a9d6ae4b753366ea5e4b017181e2eb2c758fdeede4adedbc80a2fc494e4d7748211fa97f7cd0e609f1952dbecf20d40309328
Customer,569,Hutt,Jabba,"Jabba's Palace, Tatooine",jabba@hutt.gal,555-HUTT,211f8ecbbeedabfd2d10bf1bd2589dbced63c03c8bdee954e4bc740c98eaf535f519006cfe5ae2860caa100561fe8d7e93e70e443bbaefd08f7d2ea35806601a,626123d64f5b4181a3ea69aa43d968e7ab375ddc7e5067c57f6dfdc7a5cc5b557ae8bbe9f1ee15c47ceca4284cf693fd75d74b29a634bf933b2c67b71fb66ba4
Customer,271,Calrissian,Lando,"Cloud City, Administrator's Suite",lando@bespin.gal,555-CLOUD,a5e95a4ed49043bca583e76eeee66c3b0b1dd754d0a3304aaae21f87c733803d6756ffe5558539429d89bae3c0ead29f097a234d90f91be2ad87d62a6e209350,df09aec85d056853f2d9da9c8627db3507f39820594efe303980ac45339f80e2e1430f0f7e639635e7f6b12d185367a3938eaa7b0f2f84cbd857a7375617affc
Customer,609,Djarin,Din,"Razor Crest, Currently in Flight",mando@guild.gal,555-THIS-IS-THE-WAY,3e24652c151bf5faa93204ecbed13315e92a9a654df69279929fe117739e7be6a2f83f572ddc5278bbdfd824cc8f987d6debe520147942cd6840518bb69f0606,47cabe61bd6a82a429d4ba3eef07456f6d69114f9ba15aa5ceceadf1c00925c17cabccea0daa6647c336abf1c90787abb0da61c0ca2cd9228128cf9df88abd7e
Customer,978,Palpatine,Sheev,"Imperial Palace, Coruscant",emperor@empire.gal,555-SENATE,6054c796a403c3e68d69127bc6e1d8c6fe35069b105efdc27163b93a3cd968dd6fa2939fc112a3d083529a3a3f1d012430de0166f57fe7961b7b6952db1aace8,7a45e8a1d0ec886d0b32a082e7be0f694dd76d096b302489d16a28a2ae702c9924bb517b19df33969303ea230ad7af2241d24e0cd69e5d826399a0b72763e26e
Teller,3006,Solo,Han,123 Market Street,Han.Solo@evergreen.com,111-111-1111,9b189399df1e0604ab200f3e0a3039154e1d438041a3992dd84c6b7254048ac7997a6fb02b196036a2c8ddc321b02b33581ebca94d9514f981fe52ab455b9775,d27d94aaf72ae1699aa78dbc3323a48a42903ce05e5c48ba280cc8a9c1da9d2a60028187ccbb151bbb13dd93b613875138909fa8b7c4adf59e00428f9e25845f
Teller,5610,Organa,Leia,321 Market Street,Leia.Organa@evergreen.com,111-111-1111,8716e38fe790e8a0b29a8f00b0cf211ec6f00581e2d819befd99be84faf24bdac665d183f03a7469d5a107a38bc2fb561b4d7c0ebaad1581b8499a0e9d4f71e3,ba513acfc1ecab85619d64a03d0128ab5736807c1345d2b67bfd5a0226489191d728aaa36211ac0e06821aa3e9b60eeee4b5af127edc288e4dadf73235c92cc0
Teller,4444,Skywalker,Luke,123 Market Street,Luke.Skywalker@evergreen.com,111-111-1111,f5b5c57401cc3da6ec74df0bfd95049e3f9ee08839895625d89fa58f87fac90a5583d4980ec6a3379f84ddfcae4eb24db294e632c63cf60907030c882e8a8b92,2147673e257b085ad0fcf68171dc7a47dad0fd4d5d6a8aefe23f29f519e9fe2b409e6abe796f88b8382f8a540dbfb7f5137e25018d72cfee5649ced60195abda
Teller,5060,Kenobi,Obi-wan,123 Market Street,Obi-wan.Kenobi@evergreen.com,111-111-1111,0c3e99453b4ae505617a3c9b6ce73fc3cd13ddc3b2e2237459710a57f8ec6d26d056db144ff7c71b00ed4e4c39716e9e2099c8076e604423dd74554d4db1e649,a028fc2dc396629e8e658068b6fe7e604f0715301747577ded8d066596da84176017bca588e3e32219088fa87ae8521f6adffd55c395c4da4f8c7e0b677bd13b
Teller,1647,Amidala,Padme,123 Market Street,Padme.Amidala@evergreen.com,111-111-1111,a0cc3f91c5f1d58d0f1790828ef2680cc6ffb973e7a78e84caa40ae3557dd96ed7d771f6e4be601e3bd62d1825b39c2700ebb115b10f21d5bb440bd4f13c5565,7a9366b7a7cbce1d83cfc5468afe7fd35479023091aaeba4253a36bb2f5811ad7a1131aff5ffd6e0333cc0f37076f6789f148582c0ec74e4959770ac0be4bd7c
Teller,3893,Skywalker,Rey,123 Market Street,Rey.Skywalker@evergreen.com,111-111-1111,daa7dc4676836a3925f379fb50ee2e5707c52e17ac4f20bbce8acd4395daf355310f2697d678c814dd1d0ef060626200e8bf08a8dfd6b52a0e8cb058ff96e6fd,5472ab66cb2a6165ee5d4c256fff5f5a6ebaeeb0c2f056de05f4a11c6dbc2343acab17108cf81ee5371e6fbe95822d3ea0078a4597db1ecccb03391e3cb9c593
Teller,3893,Skywalker,Rey,123 Market Street,Rey.Skywalker@evergreen.com,111-111-1111,daa7dc4676836a3925f379fb50ee2e5707c52e17ac4f20bbce8acd4395daf355310f2697d678c814dd1d0ef060626200e8bf08a8dfd6b52a0e8cb058ff96e6fd,5472ab66cb2a6165ee5d4c256fff5f5a6ebaeeb0c2f056de05f4a11c6dbc2343acab17108cf81ee5371e6fbe95822d3ea0078a4597db1ecccb03391e3cb9c593
